-- =====================================
-- SEED DATA
-- Repeatable migration (R__) — виконується якщо змінився checksum
-- =====================================

-- Очищаємо в правильному порядку (FK constraints)
DELETE FROM booking_excursions;
DELETE FROM booking_insurances;
DELETE FROM booking_transfers;
DELETE FROM tour_excursions;
DELETE FROM payments;
DELETE FROM bookings;
DELETE FROM tours;
DELETE FROM excursions;
DELETE FROM transfers;
DELETE FROM insurances;
DELETE FROM promo_codes;
DELETE FROM hotels;
DELETE FROM clients;

-- =====================================
-- ГОТЕЛІ
-- =====================================
INSERT INTO hotels (id, name, stars, price_per_night) VALUES
                                                          ('11111111-0000-0000-0000-000000000001', 'Rixos Premium Antalya',    5, 3200.00),
                                                          ('11111111-0000-0000-0000-000000000002', 'Hotel Le Marais Paris',    4, 4500.00),
                                                          ('11111111-0000-0000-0000-000000000003', 'Park Hyatt Tokyo',         5, 8900.00),
                                                          ('11111111-0000-0000-0000-000000000004', 'The Dolder Grand Zurich',  5, 7200.00),
                                                          ('11111111-0000-0000-0000-000000000005', 'La Mamounia Marrakech',    5, 3800.00),
                                                          ('11111111-0000-0000-0000-000000000006', 'Four Seasons Bali',        5, 5600.00);

-- =====================================
-- СТРАХОВКИ
-- =====================================
INSERT INTO insurances (id, name, price) VALUES
                                             ('22222222-1000-0000-0000-000000000001', 'Базова страховка',     25.00),
                                             ('22222222-1000-0000-0000-000000000002', 'Розширена страховка',  75.00),
                                             ('22222222-1000-0000-0000-000000000003', 'VIP страховка',       150.00);

-- =====================================
-- ТРАНСФЕРИ
-- =====================================
INSERT INTO transfers (id, type, price) VALUES
                                            ('22222222-2000-0000-0000-000000000001', 'Автобус',        15.00),
                                            ('22222222-2000-0000-0000-000000000002', 'Мінівен',        40.00),
                                            ('22222222-2000-0000-0000-000000000003', 'Приватне авто',  80.00);

-- =====================================
-- ЕКСКУРСІЇ
-- =====================================
INSERT INTO excursions (id, name, price, excursion_date) VALUES
                                                             ('22222222-3000-0000-0000-000000000001', 'Старе місто Анталії',    450.00, '2025-06-14'),
                                                             ('22222222-3000-0000-0000-000000000002', 'Версаль',                800.00, '2025-07-03'),
                                                             ('22222222-3000-0000-0000-000000000003', 'Фудзіяма',              1200.00, '2025-08-10'),
                                                             ('22222222-3000-0000-0000-000000000004', 'Альпійський похід',      950.00, '2025-08-15'),
                                                             ('22222222-3000-0000-0000-000000000005', 'Медина Марракеша',       350.00, '2025-09-05'),
                                                             ('22222222-3000-0000-0000-000000000006', 'Рисові тераси Балі',     420.00, '2025-09-25');

-- =====================================
-- ПРОМОКОДИ
-- =====================================
INSERT INTO promo_codes (id, code, discount_percent, valid_until) VALUES
                                                                      ('44444444-0000-0000-0000-000000000001', 'SUMMER25',   25, '2026-08-31'),
                                                                      ('44444444-0000-0000-0000-000000000002', 'EARLYBIRD',  15, '2026-07-01'),
                                                                      ('44444444-0000-0000-0000-000000000003', 'FAMILY10',   10, '2026-12-31'),
                                                                      ('44444444-0000-0000-0000-000000000004', 'GROUP5',      5, '2026-10-31'),
                                                                      ('44444444-0000-0000-0000-000000000005', 'WELCOME10',  10, '2026-12-31');

-- =====================================
-- ТУРИ
-- =====================================
INSERT INTO tours (id, name, country, city, start_date, end_date, base_price, quota, booked_seats, hotel_id, status) VALUES
                                                                                                                         ('33333333-0000-0000-0000-000000000001', 'Преміум All-Inclusive',     'Туреччина',  'Antalya',    '2026-06-12', '2026-06-22', 34800.00, 30, 18, '11111111-0000-0000-0000-000000000001', 'ACTIVE'),
                                                                                                                         ('33333333-0000-0000-0000-000000000002', 'Паризький шарм',            'Франція',    'Paris',      '2026-07-01', '2026-07-10', 41800.00, 30, 27, '11111111-0000-0000-0000-000000000002', 'ACTIVE'),
                                                                                                                         ('33333333-0000-0000-0000-000000000003', 'Країна вранішнього сонця',  'Японія',     'Tokyo',      '2026-08-05', '2026-08-19', 68200.00, 20,  9, '11111111-0000-0000-0000-000000000003', 'ACTIVE'),
                                                                                                                         ('33333333-0000-0000-0000-000000000004', 'Альпійські вершини',        'Швейцарія',  'Zurich',     '2026-08-12', '2026-08-22', 54900.00, 25,  8, '11111111-0000-0000-0000-000000000004', 'ACTIVE'),
                                                                                                                         ('33333333-0000-0000-0000-000000000005', 'Марокканські пригоди',      'Марокко',    'Marrakech',  '2026-09-03', '2026-09-12', 29700.00, 30, 12, '11111111-0000-0000-0000-000000000005', 'ACTIVE'),
                                                                                                                         ('33333333-0000-0000-0000-000000000006', 'Балійський захід сонця',    'Індонезія',  'Bali',       '2026-09-20', '2026-10-05', 47500.00, 40, 20, '11111111-0000-0000-0000-000000000006', 'ACTIVE');

-- Зв'язок турів з екскурсіями
INSERT INTO tour_excursions (tour_id, excursion_id) VALUES
                                                        ('33333333-0000-0000-0000-000000000001', '22222222-3000-0000-0000-000000000001'),
                                                        ('33333333-0000-0000-0000-000000000002', '22222222-3000-0000-0000-000000000002'),
                                                        ('33333333-0000-0000-0000-000000000003', '22222222-3000-0000-0000-000000000003'),
                                                        ('33333333-0000-0000-0000-000000000004', '22222222-3000-0000-0000-000000000004'),
                                                        ('33333333-0000-0000-0000-000000000005', '22222222-3000-0000-0000-000000000005'),
                                                        ('33333333-0000-0000-0000-000000000006', '22222222-3000-0000-0000-000000000006');

-- =====================================
-- КЛІЄНТИ
-- =====================================
INSERT INTO clients (id, name, email, phone, birth_date) VALUES
                                                             ('55555555-0000-0000-0000-000000000001', 'Іваненко Марія Олегівна',      'm.ivanenko@gmail.com',   '+380671234567', '1990-03-15'),
                                                             ('55555555-0000-0000-0000-000000000002', 'Петренко Олег Васильович',     'o.petrenko@ukr.net',     '+380509876543', '1985-07-22'),
                                                             ('55555555-0000-0000-0000-000000000003', 'Коваль Тетяна Іванівна',       't.koval@meta.ua',        '+380934567890', '1993-11-08'),
                                                             ('55555555-0000-0000-0000-000000000004', 'Шевченко Андрій Миколайович',  'a.shevchenko@gmail.com', '+380663210987', '1988-05-30'),
                                                             ('55555555-0000-0000-0000-000000000005', 'Бондаренко Ліна Степанівна',   'lina.bond@ukr.net',      '+380637418520', '1995-09-17'),
                                                             ('55555555-0000-0000-0000-000000000006', 'Мельник Василь Тарасович',     'v.melnyk@i.ua',          '+380976543210', '1982-12-03'),
                                                             ('55555555-0000-0000-0000-000000000007', 'Лисенко Анна Петрівна',        'a.lysenko@gmail.com',    '+380681123344', '1991-04-25'),
                                                             ('55555555-0000-0000-0000-000000000008', 'Гриценко Павло Іванович',      'p.grytsenko@ukr.net',    '+380504456677', '1987-08-14');

-- =====================================
-- БРОНЮВАННЯ
-- статуси: CREATED | CONFIRMED | PAID | COMPLETED | CANCELLED
-- =====================================
INSERT INTO bookings (id, client_id, tour_id, promo_code_id, tourist_count, booking_date, confirmed_at, status, total_price) VALUES
                                                                                                                                 ('66666666-0000-0000-0000-000000000001', '55555555-0000-0000-0000-000000000001', '33333333-0000-0000-0000-000000000001', NULL,                                      2, '2026-05-01', '2026-05-02 10:00:00', 'CONFIRMED',  69600.00),
                                                                                                                                 ('66666666-0000-0000-0000-000000000002', '55555555-0000-0000-0000-000000000002', '33333333-0000-0000-0000-000000000002', NULL,                                      4, '2026-05-03', NULL,                   'CREATED',   167200.00),
                                                                                                                                 ('66666666-0000-0000-0000-000000000003', '55555555-0000-0000-0000-000000000003', '33333333-0000-0000-0000-000000000003', NULL,                                      1, '2026-04-20', '2026-04-21 14:30:00', 'PAID',       68200.00),
                                                                                                                                 ('66666666-0000-0000-0000-000000000004', '55555555-0000-0000-0000-000000000004', '33333333-0000-0000-0000-000000000004', NULL,                                      3, '2026-04-15', '2026-04-16 09:00:00', 'CONFIRMED', 164700.00),
                                                                                                                                 ('66666666-0000-0000-0000-000000000005', '55555555-0000-0000-0000-000000000005', '33333333-0000-0000-0000-000000000005', NULL,                                      2, '2026-03-10', NULL,                   'CANCELLED',  59400.00),
                                                                                                                                 ('66666666-0000-0000-0000-000000000006', '55555555-0000-0000-0000-000000000006', '33333333-0000-0000-0000-000000000006', NULL,                                      2, '2026-05-05', NULL,                   'CREATED',    95000.00),
                                                                                                                                 ('66666666-0000-0000-0000-000000000007', '55555555-0000-0000-0000-000000000007', '33333333-0000-0000-0000-000000000001', '44444444-0000-0000-0000-000000000003',    3, '2026-02-14', '2026-02-15 11:00:00', 'COMPLETED',  93636.00),
                                                                                                                                 ('66666666-0000-0000-0000-000000000008', '55555555-0000-0000-0000-000000000008', '33333333-0000-0000-0000-000000000003', NULL,                                      2, '2026-01-20', '2026-01-21 16:00:00', 'PAID',      136400.00);

-- =====================================
-- ПЛАТЕЖІ
-- =====================================
INSERT INTO payments (id, booking_id, amount, payment_date, status) VALUES
                                                                        ('77777777-0000-0000-0000-000000000001', '66666666-0000-0000-0000-000000000003',  68200.00, '2026-04-22', 'SUCCESS'),
                                                                        ('77777777-0000-0000-0000-000000000002', '66666666-0000-0000-0000-000000000007',  93636.00, '2026-02-16', 'SUCCESS'),
                                                                        ('77777777-0000-0000-0000-000000000003', '66666666-0000-0000-0000-000000000008', 136400.00, '2026-01-22', 'SUCCESS');
